video,resultado,direcao
arg-fra-wc2022-1.mp4,,
arg-fra-wc2022-2.mp4,,
arg-fra-wc2022-3.mp4,,
arg-fra-wc2022-4.mp4,,
arg-fra-wc2022-5.mp4,,
arg-fra-wc2022-6.mp4,,
arg-fra-wc2022-7.mp4,,
arg-fra-wc2022-8.mp4,,
bra-cro-wc2022-1.mp4,,
bra-cro-wc2022-2.mp4,,
bra-cro-wc2022-3.mp4,,
bra-cro-wc2022-4.mp4,,
bra-cro-wc2022-5.mp4,,
bra-cro-wc2022-7.mp4,,
bra-cro-wc2022-8.mp4,,
cro-din-wc2018-1.mp4,,
cro-din-wc2018-10.mp4,,
cro-din-wc2018-2.mp4,,
cro-din-wc2018-3.mp4,,
cro-din-wc2018-4.mp4,,
cro-din-wc2018-5.mp4,,
cro-din-wc2018-6.mp4,,
cro-din-wc2018-7.mp4,,
cro-din-wc2018-8.mp4,,
cro-din-wc2018-9.mp4,,
jpn-cro-wc2022-1.mp4,,
jpn-cro-wc2022-2.mp4,,
jpn-cro-wc2022-3.mp4,,
jpn-cro-wc2022-4.mp4,,
jpn-cro-wc2022-5.mp4,,
jpn-cro-wc2022-6.mp4,,
jpn-cro-wc2022-7.mp4,,
jpn-cro-wc2022-8.mp4,,
mar-esp-wc2022-1.mp4,,
mar-esp-wc2022-2.mp4,,
mar-esp-wc2022-3.mp4,,
mar-esp-wc2022-4.mp4,,
mar-esp-wc2022-5.mp4,,
mar-esp-wc2022-6.mp4,,
mar-esp-wc2022-7.mp4,,
pba-arg-wc2022-1.mp4,,
pba-arg-wc2022-10.mp4,,
pba-arg-wc2022-2.mp4,,
pba-arg-wc2022-3.mp4,,
pba-arg-wc2022-4.mp4,,
pba-arg-wc2022-5.mp4,,
pba-arg-wc2022-6.mp4,,
pba-arg-wc2022-7.mp4,,
pba-arg-wc2022-8.mp4,,
pba-arg-wc2022-9.mp4,,
